{
  "version": 1,
  "author": "Anonymous maker",
  "editor": "wokwi",
  "parts": [
    { "type": "wokwi-arduino-uno", "id": "uno", "top": -28.2, "left": -67.8, "attrs": {} },
    {
      "type": "wokwi-lcd1602",
      "id": "lcd1",
      "top": 236.8,
      "left": -80.8,
      "attrs": { "pins": "i2c" }
    },
    {
      "type": "wokwi-pushbutton",
      "id": "btn1",
      "top": 217.4,
      "left": -220.8,
      "attrs": { "color": "green", "xray": "1", "bounce": "1" }
    },
    {
      "type": "wokwi-resistor",
      "id": "r1",
      "top": 349.55,
      "left": -230.4,
      "attrs": { "value": "10000" }
    }
  ],
  "connections": [
    [ "lcd1:SDA", "uno:A4", "green", [ "h-19.2", "v-95.8", "h278.4" ] ],
    [ "lcd1:SCL", "uno:A5", "green", [ "h-48", "v-95.7", "h316.8" ] ],
    [ "lcd1:VCC", "uno:5V", "red", [ "h-28.8", "v-95.9", "h192" ] ],
    [ "lcd1:GND", "uno:GND.2", "black", [ "h-9.6", "v-48", "h192" ] ],
    [ "btn1:1.l", "uno:GND.2", "green", [ "h-38.4", "v-48", "h374.4" ] ],
    [ "btn1:1.r", "uno:2", "green", [ "v-355.2", "h317" ] ],
    [ "r1:1", "uno:5V", "green", [ "v-57.6", "h-38.4", "v-124.8", "h364.8" ] ],
    [ "r1:2", "uno:2", "green", [ "v48", "h402", "v-566.4", "h-67.2" ] ],
    [ "btn1:2.l", "uno:GND.2", "green", [ "h0", "v-67", "h316.8" ] ],
    [ "btn1:2.r", "uno:2", "green", [ "h29", "v-374.2", "h288" ] ]
  ],
  "dependencies": {}
}